https://www.aliexpress.com/item/,Aliexpress China
https://fr.aliexpress.com/item/,Aliexpress France
https://es.aliexpress.com/item/,Aliexpress Spain
https://pl.aliexpress.com/item/,Aliexpress Poland
https://nl.aliexpress.com/item/,Aliexpress Netherlands
https://de.aliexpress.com/item/,Aliexpress Germany
https://it.aliexpress.com/item/,Aliexpress Italy
https://pt.aliexpress.com/item/,Aliexpress Portugal
https://th.aliexpress.com/item/,Aliexpress Thailand
https://tr.aliexpress.com/item/,Aliexpress Turkey
https://ar.aliexpress.com/item/,Aliexpress United Arab Emirates
https://vi.aliexpress.com/item/,Aliexpress Vietnam
https://ko.aliexpress.com/item/,Aliexpress South Korea
https://he.aliexpress.com/item/,Aliexpress Israel
https://aliexpress.ru/item/,Aliexpress Russia
